{
    "run": {
        "windows": [
            "index.bat",
            "--start"
        ],
        "darwin": [
            "./index.js",
            "--start"
        ],
        "linux": [
            "./index.js",
            "--start"
        ]
    },
    "description": "Javascript support for gauge",
    "lib": "libs",
    "postInstall": {
        "windows": [
            "npm",
            "install",
            "--production",
            "--silent"
        ],
        "darwin": [
            "npm",
            "install",
            "--production",
            "--silent"
        ],
        "linux": [
            "npm",
            "install",
            "--production",
            "--silent"
        ]
    },
    "gRPCSupport": true,
    "lspLangId": "javascript",
    "init": {
        "windows": [
            "index.bat",
            "--init"
        ],
        "darwin": [
            "./index.js",
            "--init"
        ],
        "linux": [
            "./index.js",
            "--init"
        ]
    },
    "version": "2.3.17",
    "gaugeVersionSupport": {
        "minimum": "1.0.7",
        "maximum": ""
    },
    "install": {
        "windows": [],
        "darwin": [],
        "linux": []
    },
    "id": "js"
}